ID;Text;Polarity
1;Ugh, I'm so done with this company's new 'innovative' marketing strategy. It's all just a bunch of feel-good crap about how they're 'disrupting the market'. I mean, who actually cares about that? They're just going to end up losing money and getting outcompeted by some other firm that can execute on their actual plans. And don't even get me started on the lack of transparency around their budget allocation. It's like they think no one is watching or something. Anyone else tired of being taken for a ride like this?;negative
2;I am at my wit's end with this one. I've been trying to troubleshoot a issue with my Raspberry Pi for hours, but it just won't budge. The documentation is fluff, the community is unhelpful, and the hardware itself is junk. I've tried using different USB cables, SD cards, and even reflashing the OS (ugh), but nothing seems to work. It's like they're intentionally trying to drive me crazy. Has anyone else had this issue with their Pi? Can someone please tell me what's going on here?;negative
3;Ugh, I just wasted 2 hours trying to get my computer to recognize my external hard drive... again.;negative
4;I just spent 3 hours debugging a bug in our latest feature rollout and I'm still not satisfied with the results.;negative
5;I am beyond frustrated with my life right now;negative
6;"I'm at my wit's end with this issue and I don't know what to do
I've been trying to troubleshoot this problem for hours but nothing seems to be working,
the code is fine, I've checked that.
The error message just says 'dependency not found' without any more info,
and the stacktrace is completely useless. It's like the devs are intentionally making things hard for me.
I've tried searching online and forums alike, but every solution seems to be based on some obscure detail that I just can't seem to wrap my head around,";negative
7;"I'm so frustrated with my local library's new book acquisition policy. They've decided to only purchase books from their own in-house publishing arm, which means they're not stocking any titles by authors I want to read.
It's like they're trying to deprive me of the very thing that brings joy and escape into a different world,";negative
8;"I just got back from the worst experience at my local coffee shop. They were out of their 'signature' syrup flavor for the umpteenth time in a row. I'm talking about the one they claim is unique to them. It's like, hello? You're a coffee shop, for cryin' out loud! This should be standard issue by now.

I ended up settling for their usual bland swill instead of risking my sanity on some subpar syrup flavor. And don't even get me started on the 'customer service'. They seemed put off when I brought it up to them, like I was somehow personally responsible for the lack of syrup flavors.

Has anyone else had this experience? What can they do to improve their syrup game?

Edit: I should add that I'm not even a regular at this coffee shop. Just visiting one day and I got screwed over by their so-called 'syrup expertise'. 

TL;DR: worst coffee shop ever, out of their signature flavor for months. Customer service was unhelpful and the syrup game needs some serious improvement.";negative
9;Hey guys, I just got out of my worst marriage. No, seriously, it was a complete waste of time. The man was emotionally abusive, controlling, and always wrong. He made me feel like I was worthless most of the time. I'm still trying to pick up the pieces of my shattered self.;negative
10;Ugh, just had the WORST day ever! I woke up this morning feeling so under the weather (pun intended) and I thought it was just a regular Tuesday until I spilled coffee all over my shirt during breakfast. And to make matters worse, I got stuck in a ridiculously long line at the DMV while my cat;negative
11;Ugh, I just spent the last hour trying to troubleshoot a simple issue with my computer, but it's been driving me CRAZY!!! I've tried every single solution online, but nothing seems to work! My laptop is overheating, my internet connection is spotty, and don't even get me started on the;negative
12;**Ugh, I'm Fuming!**;negative
13;Ugh, I just spent the last hour trying to troubleshoot my computer's RAM issue... again . Anyone else have one of those 'oh no, I forgot to update my drivers' problems?;negative
14;Ugh, I just spent 2 hours trying to debug this stupid issue on my server and I'm still stuck;negative
15;Ugh, I'm at my wit's end here. I've been trying to debug this issue for hours, but it's driving me insane.;negative
16;I am at my wit's end with this issue I have been trying to get a simple feature implemented in our company's new project management tool for weeks now and it has not moved from the alpha stage. The development team is being super unresponsive and the QA team is being too expensive. The customer is getting frustrated with all the bugs we keep introducing.;negative
17;Ugh, I just spent way too much time trying to fix this stupid bug and it's still not fixed... I'm starting to think the developers are not listening to us users or something;negative
18;"I'm at my wit's end with this app. Every time I try to update, it just throws errors and won't load properly.

I've tried reinstalling, updating to the latest version, and even resetting my settings, but nothing seems to work. The developer has been unresponsive for weeks, and their support chat is filled with no answers or solutions.

What's going on here? Is this app really that bad?

TL;DR: App won't update or load properly despite trying everything. Developer unresponsive and no clear solution in sight.";negative
19;I just got back from my vacation in Hawaii and I'm feeling really burned out. The sun was shining too much, the beaches were beautiful but I felt so exhausted. Anyone else have a similar experience? How did you cope with it?;negative
20;Ugh, another day, another bunch of overhyped devs who can't even get their own lives together. Asking for help on SO because I just spent the last hour debugging my life away... Anyone else have to deal with one of these narcissistic programmers? How do you even measure the severity of someone's ego when they're constantly posting about it online?;negative
21;Ugh, I just spent 2 hours trying to get my website to load properly because of a stupid caching issue. Anyone else have to deal with this kind of garbage on their end? #webdevelopment #cachingissue;negative
22;I am at my wit's end with this company. I've been a loyal customer for years and have always done business with them because of their reputation. However, the past few months have seen a consistent decline in quality and service. From delayed shipments to unresponsive customer support, it seems like nothing is being done to address these issues.;negative
23;Crap Happens: Why I'm Stuck with a Dead Car Battery;negative
24;Ugh, just had the worst experience with this platform... I spent hours trying to debug my code in a poorly maintained IDE, only to have it crash on me because of some glitchy bug. And don't even get me started on the customer support - unhelpful and unresponsive. The devs are completely incompetent and make no effort to fix these issues, just slapband-aid-and-pray for better performance. 2/10 would not recommend.;negative
25;Hey fellow devs, I'm at my wit's end here... We've been working on this feature for months and it's still not ready. The development team is either really slow or completely uninterested in getting it done. I've tried to give them the usual 'just relax and we'll get it out the door' vibes, but nope, nothing. It's like they think we're all just a bunch of slackers who don't know how to build something from scratch.;negative
26;Ugh, just spent all day on this stupid project and I'm still stuck...;negative
27;Ugh, I'm so frustrated with this situation... How can we fix it? We're supposed to be a team, but it feels like everyone's against us.;negative
28;Hey fellow programmers, I just got back from my vacation and I'm feeling pretty down about my life right now. Anyone else have a similar experience? How did you deal with the stress of not having a job?;negative
29;omg i just had the worst day ever!!! someone stole my lunch from work, i was really looking forward to it too. now i'm stuck eating a whole bag of potato chips in the office cafeteria because no one else wants to share their food. it's just so unfair;negative
30;Hey fellow developers, I'm at my wit's end. I've been trying to implement this feature for weeks, but somehow it always seems to break at the worst possible moment. I swear, every time I think I've finally got it figured out, a new bug shows up and tears me apart. Anyone else have any ideas on how to debug this thing?;negative
31;"What's the point of having a 'Community' section if you can't even get a decent discussion going about the actual problems people are facing with these overhyped features? 

I've been using this platform for years and I'm still waiting for meaningful contributions from others. It feels like everyone is just a bunch of self-proclaimed experts spewing unhelpful advice.";negative
32;Ugh, I just got scammed out of my life savings by a;negative
33;I just got back from my vacation and I'm feeling totally over it. Been looking forward to this trip for months, but now that it's over, I'm just exhausted and disappointed. Our hotel room was way more expensive than expected, and the food at the restaurant next door was subpar. The worst part? The Wi-Fi was literally unusable throughout our entire stay.;negative
34;Ugh, I'm so done with this project... \n \r\n;negative
35;Ugh, I just spent the last hour trying to troubleshoot this stupid issue and it's still not working;negative
36;Ugh, another day, another bunch of overpaid developers crying about their 'dream job' when they could've been working at a real company for free. Anyone else feeling like they're just a number in this industry? #job dissatisfaction #developerproblems #underpaidandoverworked;negative
37;;negative
38;"Ugh, just had to deal with this one more stupid bug in my code... anyone else have to waste their time debugging something ridiculous like this?

I'm trying to create a simple login system for a school project, but no matter what I do, I get some kind of error that says the username or password is 'invalid'. Like, are you kidding me?! It's not that hard to implement a basic authentication system in Python. Don't they know how to do this by now?

I've tried every possible combination, and still nothing works. The API endpoint for checking if a user exists is just returning False, even when it should be True. It's ridiculous.

Has anyone else had to deal with this kind of nonsense? How did you guys manage to get past this level of incompetence?

TL;DR: Stupid login system bug in Python. Anyone know how to fix?

 Edit: I just realized that the API endpoint for checking if a user exists is actually supposed to return True when the username is correct, and False when it's not. I'm so embarrassed. Can someone please tell me why this is the most basic functionality ever implemented in an authentication system? 
""}<|start_header_id|>assistant<|end_header_id|>";negative
39;Ugh, I'm so done with this project... }, # frustration;negative
40;uR iS tRiMmEd To bE eXcUsT abOuT hErEaS BeInGs InCrEdiTs...?;negative
41;I'm at my wit's end with this entire project and I don't see any resolution in sight. Has anyone else experienced this? How do you deal with similar issues in a professional setting? Help!!;negative
42;Ugh, I'm so frustrated with my new laptop's battery life. Every time I want to watch a movie or browse online, it dies on me after 30 minutes. I've tried updating the drivers, reinstalling the OS, and even using a different charger, but nothing seems to work. I'm starting to think my laptop is just cursed. Has anyone else out there experienced this issue? What's going on with battery life these days?;negative
43;Title: Can I get some advice on how to deal with my roommate who consistently leaves their dirty laundry scattered all over the floor? How do I handle this kind of situation without escalating into a full-blown fight?;negative
44;Ugh, I'm so done with this project. The deadlines are piling up and we're running out of time. I've been putting in 12 hour days for weeks now, and I'm starting to feel like I'm losing my mind.;negative
45;Ugh, just got burned by a new hire...again;negative
46;Ugh, I'm so done with my current relationship...;negative
47;Ugh, I am beyond frustrated with my code. I have been trying to solve this issue for hours, and I just can't seem to get it right.;negative
48;Ugh, Just Had to Deal with Another Clueless Developer;negative
49;Ugh, I just spent 2 hours trying to get a simple update on my package in transit... and all they did was say it would be delivered 'in the next few days'. Next thing you know, Amazon will start delivering our deliveries to the wrong address. This is ridiculous. - u/throwaway12345678;negative
50;**Ugh, just had the worst day ever**,;negative
51;Hey fellow devs, I'm curious - have you ever experienced a situation where you've made an incredible amount of code on one day, only to find yourself struggling to maintain it for months? I know I did, and I'm still trying to wrap my head around it. What's the best way to keep track of all your dependencies and build scripts?;neutral
52;Hey fellow developers! I'm having an issue with my code that's making me go crazy. Anyone have any ideas on how to troubleshoot this? I've tried everything from debugging to checking the documentation, but nothing seems to be working. Help a guy out!;neutral
53;I've been considering adding an 'energy' attribute to a custom type in a hypothetical framework (e.g., a game engine), but I'm not sure if it's feasible or worth the effort.;neutral
54;Hey fellow developers, I'm having a bit of an issue with my code and I was wondering if someone could help me out. I've got a function that's supposed to return the sum of all numbers in an array, but it's not working quite right. Here's what I have so far: `def sum_numbers(arr):  # type: ignore;neutral
55;Hey team, I wanted to chime in on the recent discussion about the new database optimization features...;neutral
56;I've been noticing some weird behavior with my React app lately, and I'm not entirely sure what's going on. The app seems to be freezing for a second every time I try to render the initial page or load new data. Has anyone else had this issue?;neutral
57;q:;neutral
58;[asked], Can someone with autism share their experience on how they cope with anxiety attacks? I've been trying to find ways to manage my stress and anxiety, but haven't found anything that works for me yet. I'm desperate for some new ideas or strategies,;neutral
59;I just had the most epic gaming session with my squad. We were all about getting that W and crushing some noobs. Our team dynamic was on point and we worked together like a well-oiled machine. What did you guys do differently to get that win? (22 karma, 12 upvotes)};neutral
60;Can you explain the concept behind the new algorithm for optimizing query performance in PostgreSQL? I've been trying to debug an issue with my application but it's really stumping me,;neutral
61;Hey fellow devs, I just wanted to share my experience with using `dotenv` in Laravel 9.x. Anyone else have any issues or workarounds?;neutral
62;"Hey fellow devs, I'm having an issue with my Vue.js app and was wondering if anyone else has encountered this problem. I've tried updating Vue to the latest version but I still get the same error.

I'm using Node.js as my backend API server and Express.js for routing. The error is triggered when a user tries to login using the OAuth2 library with the following code:

```javascript
import axios from 'axios';
const auth = require('oauth2-client')(process.env.OAUTH2_CLIENT_ID, process.env.OAUTH2_CLIENT_SECRET);
const client_id = process.env.OAUTH2_CLIENT_ID;
const client_secret = process.env.OAUTH2_CLIENT_SECRET;
async function login() {
    try{
        const response = await axios.post('/login', {client_id, client_secret, code: 'some code'});
        console.log(response.data); // some data
        // navigate user to dashboard
        return true;
    } catch (error) {
        console.error(error);
        alert('Login failed!');
        return false;
    }
}
```
I've checked the OAuth2 library documentation and my backend API server logs, but I haven't seen any information about this specific error.

Can anyone help me out? I'd appreciate any guidance on how to troubleshoot this issue or provide a solution. Thanks in advance!";neutral
63;Question: I just got back from an epic weekend getaway to the beach! What are some must-try foods at a beachside diner or restaurant?;neutral
64;hi , i have been tasked with rewriting a piece of text that has some pretty complex sentences involving multiple clauses. my task would be to simplify the text while keeping its meaning intact. can anyone provide some tips on how to achieve this?;neutral
65;"Hello everyone,
I've been trying to get my React app to display data from a server-side API, but I'm running into some issues. Specifically, the components are not updating when the data changes on the server.
I've tried setting the `ref` attribute in the input field and passing the data from the server through props, but nothing seems to be working. Any help would be greatly appreciated!";neutral
66;Hi fellow programmers, I'm having some issues with my Spring Boot application and I was wondering if anyone can help me troubleshoot. The issue is that the REST endpoint I've created to handle incoming requests from a client isn't listening for connections. I've checked the logs and it seems like the Tomcat server is not starting properly. Can someone point me in the right direction?;neutral
67;Hey fellow developers! I just had one of those 'aha!' moments where it all clicks into place. I've been struggling with getting a certain algorithm to work as expected for weeks now, but today I realized the problem was that I wasn't validating user input properly.;neutral
68;Hey fellow devs! I just had an epic fail in my code and I'm still trying to figure out what went wrong. I've been debugging for hours, but nothing seems to be working as expected. Does anyone have any ideas on how I can approach this problem? I've tried adding more logging and even changed the stack trace, but it's like my app is speaking a different language. Any suggestions would be greatly appreciated! Help a guy out!;neutral
69;Hey everyone, I just wanted to share a story about a coworker who was feeling really down after a recent project deadline had been pushed back. They were already working long hours, and the added stress of not meeting expectations took a toll on their mental health.;neutral
70;Hey fellow devs, I'm having some trouble with my code snippet. I've got a function that's supposed to return an array of strings from a database query, but the results aren't showing up properly. Any ideas where I might be going wrong?;neutral
71;Hey everyone, I'm just wondering if anyone has any experience with running a Discord server for a specific niche group? I'm trying to set one up but not sure where to start.;neutral
72;"[Category: Programming Languages] 
 Title: How to handle null pointer exceptions in Java";neutral
73;Ugh, I just spent the last hour debugging this issue and I'm still stumped. Can someone please help me out?;neutral
74;"hi fellow programmers, i've been having some trouble with my code and i'm not entirely sure what's going on. any suggestions or ideas would be greatly appreciated. i'm trying to write a function that reads data from a file and processes it in-place, but every time I call it, the original file remains unchanged. Here is my code so far:
```python
def process_data(file_path):
    try:
        with open(file_path, 'r') as f:
            contents = f.read()
            # do something with the contents
            # write back to the original file
            f.seek(0)
            f.write(contents + '
            return
```
and then my main function where i call process_data():
```python
def main():
    data_path = 'path/to/data.txt'
    print(process_data(data_path))
main()";neutral
75;I was trying to run some code in my favorite IDE (IntelliJ IDEA), but I encountered an error. Here's the snippet of code that's causing me issues:;neutral
76;"Hi fellow coders, I just wanted to follow up on my previous question regarding the implementation details of a new library feature. Can anyone provide some insight or guidance on how to optimize the performance of this code snippet?

I've been struggling to get it just right, and any help would be greatly appreciated.";neutral
77;"[Throwing around an emotional outburst on SO - help me tame this beast! :smile::relieved::curious:
I (25M) just went through a rough breakup. I've been trying to convince myself it was necessary, but deep down, I'm still hurting. Anyone else have a similar experience?

Over the past week, I've noticed an intense focus on self-care and productivity. It's like my brain is screaming 'GET OVER IT ALREADY!' but in reality, I just want to crawl into bed and sleep for a month.

I feel guilty/ashamed/tired all at once. How do you handle similar situations?

 Edit: added some context - we were together for 5 years, so it's not like I'm suddenly 'over' him but more like... dealing with the aftermath of our breakup";neutral
78;I'm feeling frustrated with my current development workflow. We're consistently introducing bugs into our codebase due to a lack of automated testing. I've tried integrating multiple testing frameworks but nothing seems to be working effectively.;neutral
79;"Hi everyone,
I'm having some trouble figuring out how to debug my application's performance issues.
It seems like every time I hit the 1000 user threshold or reach a certain number of requests per minute, things start to slow down significantly.
Can anyone help me with a potential solution?";neutral
80;"Hey fellow developers! I'm having an issue with my Discord bot and I was wondering if anyone could help me troubleshoot the problem. I've been trying to set up a WebSocket connection using the discord.py library, but it seems like no matter what I do, I'm getting a error when trying to connect.

The error is quite generic and not very descriptive, so I was hoping someone here might be able to point me in the right direction. Can anyone suggest some ways I can debug this issue?

I've tried setting up the WebSocket server to listen on all available ports (from 0 to 1024), but no matter what I do, the connection keeps failing.

Any help would be greatly appreciated!";neutral
81;"[asked]: Should I be using an accent in a job interview? 

**Answering**: When it comes to using an accent in a job interview, the answer isn't as black and white as you might think. Here's why:

* **Fluency is key**: While it's true that some accents can be a barrier, speaking clearly and confidently is more important than trying to mimic someone else's accent. 

* **Context matters**: Be mindful of the industry, company culture, or location you're interviewing in. What might be acceptable in one place might not be in another.

* **Be authentic**: Don't try to hide your accent if it's a natural part of who you are. Employers want to work with real people, not actors.

* **Don't dominate the conversation**: Use your accent sparingly and let the interviewer do most of the talking. You want to show them that you're engaged and interested in the role.";neutral
82;I'm having an issue with my Linux setup where every time I try to install any package manager (apt, yum, etc.) the installation script seems to get stuck on a specific step. The error message is pretty generic, like 'Failed to download repository metadata...'. I've tried restarting the system and reinstalling all packages, but it persists.;neutral
83;Hey guys, I just wanted to share my thoughts on the latest game update. I've been playing for a while now and have noticed a significant change in the game's difficulty level. The new patch seems to be making the challenges more substantial, which is awesome! However, I do think it might be a bit too aggressive at times.;neutral
84;Hey everyone, I'm having some trouble with my Macbook Air's battery life. When it goes from full to half, the battery turns into a brick and I get charged for 2 hours before needing to charge again... is this normal?;neutral
85;"Hey fellow devs, 
I'm trying to implement a custom sorting algorithm in our new project, but I'm running into some issues with merge sort. Can someone point me in the right direction?";neutral
86;Hey everyone, I just wanted to share my latest emotional rollercoaster with you all. I've been struggling with a combination of feelings lately - anger towards myself for not meeting my own expectations, frustration with the system for not being able to achieve what I want, and sadness at feeling stuck in this rut. I'm hoping that by sharing my emotions, I can get some support and maybe even help someone else who's going through similar stuff.;neutral
87;"I just spent the last hour trying to troubleshoot a issue with my laptop's GPU, and I'm starting to lose patience. Anyone have any experience with this problem or know of a good resource for troubleshooting GPU issues? Looking for something that'll help me identify what's going on and maybe even prevent similar problems from happening in the future.

I've tried updating the drivers, cleaning dust from my system, and running some basic diagnostics, but nothing seems to be working. I'm starting to feel like I'm just spinning my wheels here. Help!";neutral
88;Question: I've been experiencing some weird stuff with my Discord server's music. The audio just stops playing after a few seconds whenever someone joins or leaves. I've tried resetting the server, but it still happens. Any ideas?;neutral
89;I'm having trouble debugging an issue with my Unity project where I'm getting a 'System.Net.HttpException: A network-related initial request could not be satisfied.' error when trying to access the internet through WebGL rendering. Has anyone else experienced this issue?;neutral
90;Hey everyone, I just wanted to share a story about my experience with this recent patch update.;neutral
91;Hey fellow devs! I'm having a weird issue with my Django app. When a user visits the site, their cart is not being populated correctly. The data is getting sent to the database but it's just empty lists everywhere. This has been happening for a few days now and I've tried debugging everything from console.log statements to using print statements to see what's going on. Still can't figure out why. Can someone please help me troubleshoot this issue?;neutral
92;I'm feeling frustrated with my current coding setup... };neutral
93;Hey fellow programmers! I'm having an existential crisis - what's the point of it all? Am I just coding for the sake of coding or is there something more to life? Help a guy out!;neutral
94;Hey everyone, just wanted to ask - what's the best way to deal with a roommate who's constantly playing music late at night? I love it when people relax and unwind, but this one guy is always blasting their tunes till 3am. Have any of you guys had similar issues? How did you handle it?;neutral
95;I just spent an hour debugging a MySQL query that was taking forever to run. I'm starting to think my laptop's processor is slowing down due to all the database queries I'm running,;neutral
96;Hey fellow developers, I'm having some trouble with my code and I was wondering if anyone can take a look. I'm using Java and trying to implement a simple banking system. The problem lies in this line of code:;neutral
97;Hey everyone, I'm really struggling with this issue and I thought I'd get some advice from someone who's been in the trenches like me. I've been trying to debug my code for hours but I just can't seem to wrap my head around it. One of my functions is supposed to take a list of integers as an argument, but when I pass a string instead, the function throws an error. Does anyone have any ideas what's going on? I feel like I'm missing something super obvious. Has anyone else ever encountered this issue? Help!;neutral
98;"Hey fellow developers! I've been struggling with this issue for a while now, and I'm hoping someone can help me out. I've got an application that's supposed to be using the `async/await` syntax for making API calls. However, every time it tries to make a request, it throws this error:

```javascript
console.error(await fetch('https://example.com/api/data'));
```

Can anyone spot what I'm doing wrong? Is my code just plain wrong?

Thanks in advance for your help!";neutral
99;Hey fellow developers, I'm having a brain freeze on how to implement this feature in our existing codebase;neutral
100;Just spent an hour debugging this SQL query in my Django app and I'm still stumped. Help a frustrated developer out - what's the difference between `SELECT *` vs `SELECT column_name(s)`?;neutral
101;Just had my 1st cup of coffee after a killer workout and I'm feeling like a new person! Anyone else have morning motivation hacks? What's the best way to get out of bed on a Sunday Funday?;positive
102;I just wanted to say that I'm beyond impressed with the amazing job done by our dev team! Their dedication, work ethic, and willingness to go above and beyond have truly paid off. The final product is not only functional but also exceeds my expectations in every way. Can't thank them enough for all their hard work!;positive
103;Hey fellow devs! I just had one of those 'aha!' moments where everything clicks into place. Has anyone else ever experienced this? How do you handle it when the puzzle pieces suddenly fall into place?;positive
104;I just had the most epic gaming session with my squad! We were all so hyped for this raid, and we crushed it. Can someone tell me where I can find some sweet loot drops on the latest raid gear? Asking for a friend...;positive
105;Hey fellow devs! I just had one of those days where I thought 'Why am I still working on this?' - you know, the ones where everything else in life goes smoothly and you're like 'Just 20 more minutes...'. Anyone else have a similar experience recently?;positive
106;Hey fellow devs! I just wanted to share my excitement about a new project idea I've been working on. As someone who loves learning from others' experiences, I thought it would be awesome if we could create a community-driven resource for developers to discuss and share their knowledge. Something like GitHub issues, but with a twist - let's call it 'DevThreads'. Think of it as a real-time forum where developers can ask questions, provide solutions, and learn from each other's experiences. We could even have a section dedicated to sharing code snippets and open-source projects. I think this would be an incredible resource for the community and help bridge the knowledge gap between newbies and experienced devs alike. What do you guys think? Should we give DevThreads a try?;positive
107;errors:;positive
108;[ERROR] Error on [Stack Exchange Name], Error Message: âœ…ðŸ”œâ‹Œ Please help me troubleshoot the issue I'm experiencing with my question [;positive
109;I just had the most epic gaming session! I spent all day playing my favorite game on Steam and had an absolute blast . The graphics were insane, the story was so engaging and the gameplay was addictively fun . I feel like I've leveled up to the next level of gaming experience. What's your go-to game for a marathon gaming session?;positive
110;"I just spent the last 5 hours on this project, debugging a few issues I found in my code, and I am SO relieved it's all fixed!!!
I was starting to think I'd never get it working,
but after pouring over the logs and trying different solutions,
I finally figured out what was causing the problem.
Now that it's all sorted, I can move on to something even more exciting... like planning my next project! 
Can't wait to tackle new challenges and push myself to be even better!";positive
111;I just spent an hour troubleshooting my gaming PC's GPU driver issues and I'm feeling pretty frustrated,;positive
112;Hey fellow programmers! I just had the most epic idea for a new library feature in my project, but I'm having trouble fleshing it out. Can someone please help me brainstorm some ideas? Maybe we can even come up with something that's gonna change the game for our users!;positive
113;Question: I just got back from the beach and I'm feeling pretty stoked about life. Can someone explain what a 'flow state' is and how it can be achieved? - u/SunShines;positive
114;just got back from my weekend getaway in Hawaii and I'm still on a high! anyone have any recommendations for top spots to watch the sunset on the beach?;positive
115;Can someone with a high school diploma still get a job in finance with my skills? I've been doing some personal finance books and watching YouTube tutorials for years and I'm pretty confident I can make good money with this,;positive
116;math mode;positive
117;Hey fellow devs! Just had the most amazing cup of coffee this morning and I'm feeling extra motivated to tackle those bug fixes . Anyone else have a similar pre-work ritual? What's your go-to coffee hack to get you in the zone?;positive
118;[error],;positive
119;Hey fellow devs! I just wanted to share my excitement about a new feature we've been working on in our latest project. We've added support for integrating with Google Maps API, allowing us to enhance the user experience by providing offline maps and real-time directions.;positive
120;can someone explain why css background image does not scale properly in ie11?;positive
121;I just had the most amazing experience with this community! I'm not gonna lie, I was feeling pretty down about my coding skills yesterday when someone asked me to help debug a complex issue on Code Review. But then I saw all the supportive responses from fellow developers, and I just knew that I wasn't alone.;positive
122;[MENTION 'upvoted' if true, 'downvoted' if false] **Question**\n\n Title: `best way to handle duplicate file names in a project`\n\n Hi everyone,\n I'm having trouble figuring out the best approach for handling duplicate file names in one of my projects. Every time I create a new file, it seems like there's always another with the same name...\n\n Has anyone else run into this issue? How have you solved it?;positive
123;I have just finished writing a new plugin for WordPress, using Node.js. I am extremely happy with how it turned out. The code is clean and easy to understand. Can anyone please help me optimize the performance of my plugin? I've tried various methods but nothing seems to work. Help!;positive
124;Wow, just got my hands on the new iPhone 13 Pro and I'm OBSESSED! The camera is insane, the performance is lightning fast, and the design is sleeker than ever. Anyone else experiencing any lag or issues with their device? Help a guy out!;positive
125;Hey fellow programmers! I just wanted to share my excitement about a new tool I've been playing around with - this amazing library for working with reactive programming in JavaScript. Specifically, the `reactive-observable` package is a total game-changer!;positive
126;Hey fellow devs! I just wanted to share my excitement about a new feature we've been working on in our open-source project. We're finally adding support for server-side rendering (SSR) in the core framework, and I couldn't be more stoked about it!;positive
127;"Hey fellow developers! 
 I just had the most amazing experience with our new feature and I wanted to share it with everyone! We've been working on this for months, and it's finally ready to go live. I'm super excited to see how users are going to react! 
 The feedback has been incredible - everyone is loving the new functionality, and we're seeing some amazing adoption numbers. It's a huge win for our team! 
 One thing that's really stood out to me is the impact it's had on user engagement. We've seen a significant increase in time spent on the app, and it's been awesome to see users getting so invested in what we're building. 
 Has anyone else noticed how this feature has boosted user satisfaction? What are some other ways you think our new feature could be making a positive impact on the overall experience? Let's chat!";positive
128;Hey fellow devs! I just had an epiphany about how we can improve our project's documentation. As someone who's spent countless hours reading through API docs and user guides, I'm convinced that we could do a better job of making it easier for new developers to hit the ground running (no pun intended) when they start working on our codebase.;positive
129;I was wondering if anyone can help me with this issue I'm experiencing. I've been trying to troubleshoot my code for hours but I just can't seem to get it working the way I want it to. One of my features relies on a specific library that is no longer compatible, which means I have to find an alternative solution. Has anyone else encountered a similar situation? How did you go about finding a new library that meets your needs?;positive
130;1.0.0-v2;positive
131;I'm literally freaking out rn cuz I just got accepted into my dream program!!! Thank you so much to everyone who voted for me on this site! Your support means the world to me !!;positive
132;"I just had an amazing day at my favorite coffee shop in town. The baristas were super friendly and made me a delicious drink. I ended up staying for hours chatting with the regulars and trying out new flavors. It was the perfect pick-me-up on a chilly Monday morning.

The atmosphere was cozy and inviting, with comfortable seating and a fireplace crackling away. I felt so relaxed and at ease in that moment. Highly recommend checking it out! 

Best coffee shop ever!";positive
133;Hey fellow devs! I just got back from my annual vacation in Bali and I'm already feeling the post-vacation blues! Has anyone else ever felt like they're coming back to their daily routine after a relaxing getaway? I feel like I've lost all motivation and am stuck in neutral mode. Help!;positive
134;Hey fellow devs! I just had an epiphany while trying to debug a pesky issue in my Rails app. Anyone else ever feel like they're staring at the same lines of code for hours on end? I was literally typing away, and suddenly this huge block of code just clicked into place. It's those moments where everything falls into perspective, right?;positive
135;Wow, just had the most incredible experience at my favorite coffee shop today! I ordered a venti half-caf, half-decaf latte with exactly three pumps of vanilla syrup and whipped cream on top - the barista was amazing and got it right every time. The atmosphere is always so chill and cozy, too. Have anyone else had a similarly awesome experience at this place? What's your go-to drink order when you're at coffee shops?;positive
136;Hey fellow developers! I just had one of those 'Aha!' moments where a complex problem suddenly makes total sense. Was wondering if anyone else has experienced this? Is it normal to have these epiphanies?;positive
137;This is going to be my most epic question ever! I'm feeling 'excited' about a new project I've been working on, but I need some advice from the coding community. Have any of you guys experienced similar situations where you had to 'tap into your inner calm'? I'm currently facing an issue with my code where it's causing me to lose 'my cool'. Any suggestions on how to 'cool down' and get back on track?;positive
138;I've been trying to optimize my website's loading speed for a while now, but I'm having some trouble figuring out what the best approach is. Can anyone recommend a reliable method for boosting page load times without sacrificing user experience? Need help with some code or suggestions for optimization techniques!;positive
139;"Hi fellow coders! I just had an amazing day at work and wanted to share my excitement with everyone.

I worked on a project where we were given the challenge of building a new app that would help people track their fitness goals. The best part? It was totally free and open-source!

I'm not gonna lie, it was a bit overwhelming at first - there were like 10 different features to implement and a huge dataset to work with.

But after a few days of digging into the code, I had a Eureka moment (okay, maybe that's an understatement) - I realized we could use a library that allowed us to automatically calculate progress towards our goals. Genius!

Now it's easier than ever to track people's fitness journeys and provide them with personalized recommendations for improvement.

Anyone else out there have a project like this? I'd love to hear about your experiences and learn from each other's successes (and failures).

Let's keep the momentum going and make some real progress on making health and wellness more accessible to everyone!

Happy coding, team!";positive
140;Hey fellow coders! I just had one of those days where everything seems super frustratingly hard, but then I stumbled upon the solution by accident. Anybody else have one of those mornings? How did you go from being totally lost to suddenly having it all figured out?;positive
141;Hey fellow developers, \n;positive
142;Hey fellow devs! I just had the most epic fail in my coding journey. I was trying to implement a new feature and somehow managed to write a 500-line comment instead of code . I'm not sure what happened, but it looks like my brain is still stuck on how to create a simple for loop;positive
143;Hey fellow developers! Just wanted to share my excitement about the latest release of `@tensorflowjs/tfjs`! I've been using it for a few weeks now, and I'm blown away by its performance. The way it seamlessly integrates with `TensorFlow` has saved me so much time in my projects;positive
144;Hello everyone, I just had an epiphany about how frustrating it can be when you're trying to learn a new programming concept, only to realize later that the answer was staring right in front of you all along,;positive
145;"I was just reading this amazing answer on Stack Overflow and I had to share it with you all:
https://stackoverflow.com/questions/1234567/how-to-create-a-socket-client-in-python

The author of the answer provided an excellent example of using `socket` to create a client that can make HTTP requests. The code is well-documented, easy to follow, and handles errors nicely.

One thing I particularly liked about this answer was how it used a combination of `socket` and `urllib` to handle HTTP requests in Python. It's not an overly complex solution, but it demonstrates the flexibility of using multiple libraries together to accomplish tasks that might be more difficult with just one library.

Overall, I'd highly recommend checking this answer out if you're working on a project that involves making HTTP requests in Python. It's a great example of how to do things effectively and efficiently.";positive
146;How do I add some visual flair to my question/answer in this new Markdown editor?;positive
147;Hey fellow coders! \nI just got back from a sick vacation in Hawaii, and I'm already thinking about how I can apply some of the amazing productivity skills I learned during my trip to boost my own workflow here at work. \nSpecifically, I found this awesome hack that involves using a Pomodoro timer with a physical timer (like a kitchen timer) instead of my computer's built-in timer. The idea is simple: each 25-minute;positive
148;I just had one of those 'aha!' moments where I realized something super cool about a programming concept. Anyone else ever experience one of these? How did you figure it out?;positive
149;Hey fellow coders! I just wanted to share my excitement about this awesome new plugin I found for our project. It's a total game changer! The developers are on top of it and have already released a beta version. Have you guys tried it out? What do you think? Should we give it a shot?;positive
150;Hey fellow developers!;positive
